[
  {
    "icon": "fa fa-home",
    "slug": "external",
    "title": "Volver al inicio",
    "path": "index.html"
  }, 
  { 
    "id": 1,
    "icon": "fa fa-file-text-o",
    "slug": "introduccion",
    "title": "Introducción",
    "breadcrumb": ["Inicio","Tema 1"],
    "path": "pages/1-tema.html"
  },
  { 
    "id": 2,
    "icon": "fa fa-file-text-o",
    "slug": "actividades",
    "title": "1. Actividades de alto riesgo en sistemas PMM",
    "breadcrumb": ["Inicio","Tema 2"],
    "path": "pages/2-tema.html",    
    "submenu": [
      {
        "icon": "fa fa-file-text-o",
        "slug": "actividades",
        "title": "1.1 Clasificación de las actividades",
        "anchor": "clasificacion"
      },
      {
        "icon": "fa fa-file-text-o",
        "slug": "actividades",
        "title": "1.2 Identificación de peligros, evaluación y valoración de riesgos",
        "anchor": "identificacion"
      },
      {
        "icon": "fa fa-file-text-o",
        "slug": "actividades",
        "title": "1.3 Requisitos operacionales",
        "anchor": "requisitos"
      },
      {
        "icon": "fa fa-file-text-o",
        "slug": "actividades",
        "title": "1.4 Plan de trabajo",
        "anchor": "plan"
      },
      {
        "icon": "fa fa-file-text-o",
        "slug": "actividades",
        "title": "1.5 Competencias y entrenamiento requerido",
        "anchor": "competencias"
      }
    ]
  }, 
  { 
    "id": 3,
    "icon": "fa fa-file-text-o",
    "slug": "riesgos",
    "title": "2. Riesgos asociados a sistemas PMM",
    "breadcrumb": ["Inicio","Tema 3"],
    "path": "pages/3-tema.html"
  }, 
  { 
    "id": 4,
    "icon": "fa fa-file-text-o",
    "slug": "fondo",
    "title": "3. Métodos de protección para sistemas PMM de fondo",
    "breadcrumb": ["Inicio","Tema 4"],
    "path": "pages/4-tema.html",    
    "submenu": [
      {
        "icon": "fa fa-file-text-o",
        "slug": "fondo",
        "title": "3.1 Tipos y modo de operación de las barreras de fondo",
        "anchor": "tipos"
      },
      {
        "icon": "fa fa-file-text-o",
        "slug": "fondo",
        "title": "3.2 Criterios de selección de una barrera de fondo para PMM",
        "anchor": "criterios"
      }
    ]
  }, 
  { 
    "id": 5,
    "icon": "fa fa-file-text-o",
    "slug": "superficie",
    "title": "4. Métodos de protección para sistemas PMM de superficie",
    "breadcrumb": ["Inicio","Tema 5"],
    "path": "pages/5-tema.html",    
    "submenu": [
      {
        "icon": "fa fa-file-text-o",
        "slug": "superficie",
        "title": "4.1 Tipos y modo de operación de barreras de Superficiey modo de operación de las barreras de fondo",
        "anchor": "tipos"
      },
      {
        "icon": "fa fa-file-text-o",
        "slug": "superficie",
        "title": "4.2 Criterios de selección de una barrera de superficie para PMM",
        "anchor": "criterios"
      }
    ]
  }
]